{
  "generation": 1,
  "timestamp": 1756209156,
  "principle": "MAKE IT WORK - Basic Functionality",
  "evaluation_results": {
    "mean_reward": 4.534665687409082,
    "fairness_index": 0.972390514341883,
    "efficiency": 0.02,
    "coordination": 0.22089795918367344,
    "emergent_patterns": [
      "spatial_clustering"
    ]
  },
  "episode_analysis": {
    "total_steps": 200,
    "agents_active": 50,
    "total_actions": 10000
  },
  "scaling_performance": {
    "25": {
      "time": 0.4255101680755615,
      "fps": 235.0120102940575,
      "mean_reward": 0.9471981283680581
    },
    "100": {
      "time": 4.024017333984375,
      "fps": 24.85078758370684,
      "mean_reward": 0.9000000000000005
    },
    "250": {
      "time": 17.665716648101807,
      "fps": 5.6606817595902665,
      "mean_reward": 0.9000000000000002
    }
  },
  "core_features_validated": [
    "Multi-agent simulation",
    "Basic physics engine",
    "Resource collection",
    "Agent behavior diversity",
    "Fairness metrics",
    "Emergent pattern detection",
    "Error handling",
    "Performance scaling"
  ]
}